event_type,n,avg_rel_1d,median_rel_1d,win_rate_1d,avg_rel_5d,median_rel_5d,win_rate_5d,avg_rel_20d,median_rel_20d,win_rate_20d,avg_rel_60d,median_rel_60d,win_rate_60d
감자,75,-3.47,-0.89,36.0,-1.66,-2.15,39.7,-1.14,-4.53,34.3,-7.4,-6.9,43.4
교환사채,12,2.2,1.07,66.7,-3.1,0.93,50.0,13.48,1.02,66.7,22.25,2.96,58.3
분할,76,0.23,-0.81,38.7,11.07,-1.19,42.5,21.45,-4.53,42.0,9.17,-8.77,36.9
소송,218,-0.78,-0.6,37.3,-1.22,-2.38,32.7,-2.69,-5.01,31.1,-15.37,-13.5,20.1
신주인수권부사채,34,1.62,1.0,55.9,2.48,-1.46,38.2,0.34,-8.92,29.4,-7.13,-12.59,35.3
유상증자,923,-0.48,-0.69,39.1,-0.37,-1.82,41.9,-3.45,-6.15,35.4,-13.55,-15.35,28.8
자기주식,62,-0.12,-0.25,35.5,-0.18,-0.32,48.4,1.47,-1.36,41.9,3.8,-11.29,41.9
전환사채,720,-0.05,-0.43,44.8,0.81,-0.99,44.5,-1.14,-6.11,37.2,-11.2,-15.68,28.9
합병,74,1.48,0.01,51.4,1.69,0.56,56.8,-6.83,-2.11,44.6,-2.77,-2.18,46.6
회생절차,49,-0.17,-0.23,45.8,-1.45,-1.72,27.1,-4.11,-2.81,30.4,-10.0,-8.96,22.0
